Marker_ID,Frame,X,Y,Angle_degrees
26,0,191.75,267.5,68.55
26,1,191.75,267.5,68.55
26,2,191.75,267.5,68.55
26,3,191.75,267.5,68.55
26,4,191.75,267.5,68.55
26,5,191.75,267.5,68.55
26,6,191.75,267.5,68.55
26,7,191.75,267.5,68.55
26,8,191.75,267.5,68.55
26,9,191.75,267.5,68.55
26,10,191.75,267.5,68.55
26,11,191.75,267.5,68.55
26,12,191.5,267.75,70.97
26,13,191.75,267.5,68.55
26,14,191.75,267.5,68.55
26,15,191.75,267.5,68.55
26,16,191.5,267.75,70.97
26,17,191.75,267.5,68.55
26,18,191.5,267.75,70.97
26,19,191.75,267.5,68.55
26,20,191.75,267.5,68.55
26,21,191.75,267.5,68.55
26,22,191.5,267.75,70.97
26,23,191.75,267.5,68.55
26,24,191.75,267.5,68.55
26,25,191.75,267.5,68.55
26,26,191.75,267.5,68.55
26,27,191.75,267.5,68.55
26,28,191.5,267.75,70.97
26,29,191.75,267.5,68.55
26,30,191.5,267.75,70.97
26,31,191.5,267.75,70.97
26,32,191.5,267.75,70.97
26,33,191.75,267.5,68.55
26,34,191.5,267.75,70.97
26,35,191.75,267.5,68.55
26,36,191.5,267.75,70.97
26,37,191.75,267.5,68.55
26,38,191.75,267.5,68.55
26,39,191.75,267.5,68.55
26,40,191.75,267.5,68.55
26,41,191.75,267.5,68.55
26,42,191.75,267.5,68.55
26,43,191.75,267.5,68.55
26,44,191.75,267.5,68.55
26,45,191.75,267.5,68.55
26,46,191.5,267.75,70.97
26,47,191.5,267.75,70.97
26,48,191.75,267.5,68.55
26,49,191.75,267.5,68.55
26,50,191.5,267.75,70.97
26,51,191.75,267.5,68.55
26,52,191.75,267.5,68.55
26,53,191.5,267.75,70.97
26,54,191.75,267.5,68.55
26,55,191.75,267.5,68.55
26,56,191.75,267.5,68.55
26,57,191.75,267.5,68.55
26,58,191.75,267.5,68.55
26,59,191.75,267.5,68.55
26,60,191.75,267.5,68.55
26,61,191.75,267.5,68.55
26,62,191.75,267.5,68.55
26,63,191.75,267.5,68.55
26,64,191.75,267.5,68.55
26,65,191.75,267.5,68.55
26,66,191.75,267.5,68.55
26,67,191.75,267.5,68.55
26,68,191.75,267.5,68.55
26,69,191.5,267.75,70.97
26,70,191.75,267.5,68.55
26,71,191.75,267.5,68.55
26,72,191.75,267.5,68.55
26,73,191.75,267.5,68.55
26,74,191.75,267.5,68.55
26,75,191.75,267.5,68.55
26,76,191.75,267.5,68.55
26,77,191.75,267.5,68.55
26,78,191.75,267.5,68.55
26,79,191.75,267.5,68.55
26,80,191.75,267.5,68.55
26,81,191.75,267.5,68.55
26,82,191.75,267.5,68.55
26,83,191.75,267.5,68.55
26,84,191.75,267.5,68.55
26,85,191.75,267.5,68.55
26,86,191.75,267.5,68.55
26,87,191.75,267.5,68.55
26,88,191.75,267.5,68.55
26,89,191.75,267.5,68.55
26,90,191.75,267.5,68.55
26,91,191.75,267.5,68.55
26,92,191.5,267.75,70.97
26,93,191.75,267.5,68.55
26,94,191.75,267.5,68.55
26,95,191.75,267.5,68.55
26,96,191.5,267.75,70.97
26,97,191.75,267.5,68.55
26,98,191.5,267.75,70.97
26,99,191.75,267.5,68.55
26,100,191.5,267.75,70.97
26,101,191.75,267.5,68.55
26,102,191.5,267.75,70.97
26,103,191.75,267.5,68.55
26,104,191.75,267.5,68.55
26,105,191.75,267.5,68.55
26,106,191.5,267.75,70.97
26,107,191.75,267.5,68.55
26,108,191.5,267.75,70.97
26,109,191.75,267.5,68.55
26,110,191.5,267.75,70.97
26,111,191.75,267.5,68.55
26,112,191.75,267.5,68.55
26,113,191.75,267.5,68.55
26,114,191.75,267.5,68.55
26,115,191.75,267.5,68.55
26,116,191.75,267.5,68.55
26,117,191.5,267.75,70.97
26,118,191.75,267.5,68.55
26,119,191.75,267.5,68.55
26,120,191.75,267.5,68.55
26,121,191.75,267.5,68.55
26,122,191.75,267.5,68.55
26,123,191.75,267.5,68.55
26,124,191.75,267.5,68.55
26,125,191.75,267.5,68.55
26,126,191.75,267.5,68.55
26,127,191.75,267.5,68.55
26,128,191.75,267.5,68.55
26,129,191.75,267.5,68.55
26,130,191.75,267.5,68.55
26,131,191.75,267.5,68.55
26,132,191.5,267.75,70.97
26,133,191.75,267.5,68.55
26,134,191.75,267.5,68.55
26,135,191.75,267.5,68.55
26,136,191.5,267.75,70.97
26,137,191.75,267.5,68.55
26,138,191.5,267.75,70.97
26,139,191.75,267.5,68.55
26,140,191.75,267.5,68.55
26,141,191.5,267.75,70.97
26,142,191.75,267.5,68.55
26,143,191.5,267.75,70.97
26,144,191.75,267.5,68.55
26,145,191.75,267.5,68.55
26,146,191.75,267.5,68.55
26,147,191.75,267.5,68.55
26,148,191.75,267.5,68.55
26,149,191.5,267.75,70.97
26,150,191.75,267.5,68.55
26,151,191.75,267.5,68.55
26,152,191.75,267.5,68.55
26,153,191.75,267.5,68.55
26,154,191.75,267.5,68.55
26,155,191.75,267.5,68.55
26,156,191.75,267.5,68.55
26,157,191.75,267.5,68.55
26,158,191.75,267.5,68.55
26,159,191.75,267.5,68.55
26,160,191.75,267.5,68.55
26,161,191.75,267.5,68.55
26,162,191.75,267.5,68.55
26,163,191.75,267.5,68.55
26,164,191.75,267.5,68.55
26,165,191.75,267.5,68.55
26,166,191.75,267.5,68.55
26,167,191.75,267.5,68.55
26,168,191.75,267.5,68.55
26,169,191.75,267.5,68.55
26,170,191.75,267.5,68.55
26,171,191.75,267.5,68.55
26,172,191.75,267.5,68.55
26,173,191.75,267.5,68.55
26,174,191.75,267.5,68.55
26,175,191.75,267.5,68.55
26,176,191.75,267.5,68.55
26,177,191.75,267.5,68.55
26,178,191.75,267.5,68.55
26,179,191.75,267.5,68.55
26,180,191.75,267.5,68.55
26,181,191.75,267.5,68.55
26,182,191.75,267.5,68.55
26,183,191.75,267.5,68.55
26,184,191.75,267.5,68.55
26,185,191.75,267.5,68.55
26,186,191.75,267.5,68.55
26,187,191.75,267.5,68.55
26,188,191.75,267.5,68.55
26,189,191.75,267.5,68.55
26,190,191.75,267.5,68.55
26,191,191.75,267.5,68.55
26,192,191.75,267.5,68.55
26,193,191.75,267.5,68.55
26,194,191.75,267.5,68.55
26,195,191.75,267.5,68.55
26,196,191.75,267.5,68.55
26,197,191.75,267.5,68.55
26,198,191.75,267.5,68.55
26,199,191.75,267.5,68.55
26,200,191.75,267.5,68.55
26,201,191.75,267.5,68.55
26,202,191.75,267.5,68.55
26,203,191.75,267.5,68.55
26,204,191.75,267.5,68.55
26,205,191.75,267.5,68.55
26,206,191.5,267.75,70.97
26,207,191.75,267.5,68.55
26,208,191.75,267.5,68.55
26,209,191.75,267.5,68.55
26,210,191.75,267.5,68.55
26,211,191.75,267.5,68.55
26,212,191.75,267.5,68.55
26,213,191.75,267.5,68.55
26,214,191.75,267.5,68.55
26,215,191.75,267.5,68.55
26,216,191.75,267.5,68.55
26,217,191.75,267.5,68.55
26,218,191.75,267.5,68.55
26,219,191.5,267.75,70.97
26,220,191.5,267.75,70.97
26,221,191.75,267.5,68.55
26,222,191.75,267.5,68.55
26,223,191.75,267.5,68.55
26,224,191.75,267.5,68.55
26,225,191.75,267.5,68.55
26,226,191.75,267.5,68.55
26,227,191.75,267.5,68.55
26,228,191.75,267.5,68.55
26,229,191.75,267.5,68.55
26,230,191.75,267.5,68.55
26,231,191.75,267.5,68.55
26,232,191.75,267.5,68.55
26,233,191.75,267.5,68.55
26,234,191.5,267.75,70.97
26,235,191.5,267.75,70.97
26,236,191.75,267.5,68.55
26,237,191.75,267.5,68.55
26,238,191.75,267.5,68.55
26,239,191.75,267.5,68.55
26,240,191.75,267.5,68.55
26,241,191.75,267.5,68.55
26,242,191.75,267.5,68.55
26,243,191.75,267.5,68.55
26,244,191.75,267.5,68.55
26,245,191.75,267.5,68.55
26,246,191.5,267.75,70.97
26,247,191.75,267.5,68.55
26,248,191.75,267.5,68.55
26,249,191.75,267.5,68.55
26,250,191.5,267.75,70.97
26,251,191.5,267.75,70.97
26,252,191.5,267.75,70.97
26,253,191.75,267.5,68.55
26,254,191.5,267.75,70.97
26,255,191.75,267.5,68.55
26,256,191.75,267.5,68.55
26,257,191.75,267.5,68.55
26,258,191.75,267.5,68.55
26,259,191.75,267.5,68.55
26,260,191.75,267.5,68.55
26,261,191.75,267.5,68.55
26,262,191.75,267.5,68.55
26,263,191.75,267.5,68.55
26,264,191.75,267.5,68.55
26,265,191.75,267.5,68.55
26,266,191.75,267.5,68.55
26,267,191.75,267.5,68.55
26,268,191.75,267.5,68.55
26,269,191.75,267.5,68.55
26,270,191.5,267.75,70.97
26,271,191.5,267.75,70.97
26,272,191.75,267.5,68.55
26,273,191.75,267.5,68.55
26,274,191.75,267.5,68.55
26,275,191.5,267.75,70.97
26,276,191.75,267.5,68.55
26,277,191.75,267.5,68.55
26,278,191.75,267.5,68.55
26,279,191.75,267.5,68.55
26,280,191.75,267.5,68.55
26,281,191.5,267.75,70.97
26,282,191.75,267.5,68.55
26,283,191.75,267.5,68.55
26,284,191.5,267.75,70.97
26,285,191.5,267.75,70.97
26,286,191.75,267.5,68.55
26,287,191.75,267.5,68.55
26,288,191.75,267.5,68.55
26,289,191.75,267.5,68.55
26,290,191.75,267.5,68.55
26,291,191.5,267.75,70.97
26,292,191.75,267.5,68.55
26,293,191.75,267.5,68.55
26,294,191.75,267.5,68.55
26,295,191.75,267.25,68.55
26,296,191.5,267.75,70.97
26,297,191.75,267.5,68.55
26,298,191.75,267.5,68.55
26,299,191.75,267.5,68.55
26,300,191.75,267.5,68.55
26,301,191.75,267.5,68.55
26,302,191.75,267.5,68.55
26,303,191.75,267.5,68.55
26,304,191.75,267.5,68.55
26,305,191.75,267.5,68.55
26,306,191.75,267.5,68.55
26,307,191.75,267.5,68.55
26,308,191.75,267.5,68.55
26,309,191.75,267.5,68.55
26,310,191.75,267.5,68.55
26,311,191.75,267.5,68.55
26,312,191.75,267.5,68.55
26,313,191.75,267.5,68.55
26,314,191.75,267.5,68.55
26,315,191.75,267.5,68.55
26,316,191.75,267.5,68.55
26,317,191.75,267.5,68.55
26,318,191.75,267.5,68.55
26,319,191.75,267.5,68.55
26,320,191.75,267.5,68.55
26,321,191.75,267.5,68.55
26,322,191.75,267.5,68.55
26,323,191.75,267.5,68.55
26,324,191.75,267.5,68.55
26,325,191.5,267.75,70.97
26,326,191.75,267.5,68.55
26,327,191.75,267.5,68.55
26,328,191.75,267.5,68.55
26,329,191.75,267.5,68.55
26,330,191.75,267.5,68.55
26,331,191.75,267.5,68.55
26,332,191.75,267.5,68.55
26,333,191.75,267.5,68.55
26,334,191.75,267.5,68.55
26,335,191.75,267.5,68.55
26,336,191.75,267.5,68.55
26,337,191.5,267.75,70.97
26,338,191.75,267.5,68.55
26,339,191.75,267.5,68.55
26,340,191.75,267.5,68.55
26,341,191.75,267.5,68.55
26,342,191.5,267.75,70.97
26,343,191.75,267.5,68.55
26,344,191.75,267.5,68.55
26,345,191.75,267.5,68.55
26,346,191.5,267.75,70.97
26,347,191.75,267.5,68.55
26,348,191.5,267.75,70.97
26,349,191.75,267.5,68.55
26,350,191.75,267.25,68.55
26,351,191.5,267.75,70.97
26,352,191.75,267.5,68.55
26,353,191.5,267.75,70.97
26,354,191.75,267.5,68.55
26,355,191.75,267.5,68.55
26,356,191.75,267.5,68.55
26,357,191.75,267.5,68.55
26,358,191.75,267.5,68.55
26,359,191.5,267.75,70.97
26,360,191.75,267.5,68.55
26,361,191.5,267.75,70.97
26,362,191.75,267.5,68.55
26,363,191.5,267.75,70.97
26,364,191.75,267.5,68.55
26,365,191.5,267.75,70.97
26,366,191.75,267.5,68.55
26,367,191.5,267.75,70.97
26,368,191.75,267.5,68.55
26,369,191.5,267.75,70.97
26,370,191.75,267.5,68.55
26,371,191.5,267.75,70.97
26,372,191.75,267.5,68.55
26,373,191.75,267.5,68.55
26,374,191.75,267.5,68.55
26,375,191.75,267.5,68.55
26,376,191.75,267.5,68.55
26,377,191.5,267.75,70.97
26,378,191.75,267.5,68.55
26,379,191.75,267.5,68.55
26,380,191.75,267.5,68.55
26,381,191.5,267.75,70.97
26,382,191.75,267.5,68.55
26,383,191.75,267.5,68.55
26,384,191.75,267.5,68.55
26,385,191.5,267.75,70.97
26,386,191.75,267.5,68.55
26,387,191.5,267.75,70.97
26,388,191.75,267.5,68.55
26,389,191.75,267.5,68.55
26,390,191.75,267.5,68.55
26,391,191.5,267.75,70.97
26,392,191.75,267.5,68.55
26,393,191.5,267.75,70.97
26,394,191.75,267.5,68.55
26,395,191.75,267.5,68.55
26,396,191.75,267.5,68.55
26,397,191.5,267.75,70.97
26,398,191.75,267.5,68.55
26,399,191.5,267.75,70.97
26,400,191.75,267.5,68.55
26,401,191.5,267.75,70.97
26,402,191.75,267.5,68.55
26,403,191.5,267.75,70.97
26,404,191.75,267.5,68.55
26,405,191.5,267.75,70.97
26,406,191.75,267.5,68.55
26,407,191.75,267.5,68.55
26,408,191.75,267.5,68.55
26,409,191.5,267.75,70.97
26,410,191.75,267.5,68.55
26,411,191.5,267.75,70.97
26,412,191.75,267.5,68.55
26,413,191.5,267.75,70.97
26,414,191.75,267.5,68.55
26,415,191.5,267.75,70.97
26,416,191.75,267.5,68.55
26,417,191.75,267.5,68.55
26,418,191.75,267.5,68.55
26,419,191.75,267.5,68.55
26,420,191.75,267.5,68.55
26,421,191.5,267.75,70.97
26,422,191.75,267.5,68.55
26,423,191.75,267.5,68.55
26,424,191.75,267.5,68.55
26,425,191.75,267.5,68.55
26,426,191.75,267.5,68.55
26,427,191.75,267.5,68.55
26,428,191.75,267.5,68.55
26,429,191.75,267.5,68.55
26,430,191.75,267.5,68.55
26,431,191.75,267.5,68.55
26,432,191.75,267.5,68.55
26,433,191.75,267.5,68.55
26,434,191.75,267.5,68.55
26,435,191.75,267.5,68.55
26,436,191.75,267.5,68.55
26,437,191.75,267.5,68.55
26,438,191.75,267.5,68.55
26,439,191.5,267.75,70.97
26,440,191.75,267.5,68.55
26,441,191.75,267.5,68.55
26,442,191.75,267.5,68.55
26,443,191.75,267.5,68.55
26,444,191.75,267.5,68.55
26,445,191.75,267.5,68.55
26,446,191.75,267.5,68.55
26,447,191.75,267.5,68.55
26,448,191.75,267.5,68.55
26,449,191.75,267.5,68.55
26,450,191.75,267.5,68.55
26,451,191.75,267.5,68.55
26,452,191.5,267.75,70.97
26,453,191.75,267.5,68.55
26,454,191.5,267.75,70.97
26,455,191.75,267.5,68.55
26,456,191.75,267.5,68.55
26,457,191.75,267.5,68.55
26,458,191.75,267.5,68.55
26,459,191.75,267.5,68.55
26,460,191.75,267.5,68.55
26,461,191.75,267.5,68.55
26,462,191.75,267.5,68.55
26,463,191.75,267.5,68.55
26,464,191.75,267.5,68.55
26,465,191.75,267.5,68.55
26,466,191.75,267.5,68.55
26,467,191.75,267.5,68.55
26,468,191.75,267.5,68.55
26,469,191.75,267.5,68.55
26,470,191.75,267.5,68.55
26,471,191.75,267.5,68.55
26,472,191.5,267.75,70.97
26,473,191.75,267.5,68.55
26,474,191.75,267.5,68.55
26,475,191.75,267.5,68.55
26,476,191.75,267.5,68.55
26,477,191.75,267.5,68.55
26,478,191.75,267.5,68.55
26,479,191.75,267.5,68.55
26,480,191.5,267.75,70.97
26,481,191.75,267.5,68.55
26,482,191.75,267.5,68.55
26,483,191.75,267.5,68.55
26,484,191.75,267.5,68.55
26,485,191.75,267.5,68.55
26,486,191.75,267.5,68.55
26,487,191.5,267.75,70.97
26,488,191.5,267.75,70.97
26,489,191.75,267.5,68.55
26,490,191.75,267.5,68.55
26,491,191.75,267.5,68.55
26,492,191.5,267.75,70.97
26,493,191.75,267.5,68.55
26,494,191.75,267.5,68.55
26,495,191.75,267.5,68.55
26,496,191.75,267.5,68.55
26,497,191.75,267.5,68.55
26,498,191.5,267.75,70.97
26,499,191.75,267.5,68.55
26,500,191.5,267.75,70.97
26,501,191.75,267.5,68.55
26,502,191.75,267.5,68.55
26,503,191.75,267.5,68.55
26,504,191.75,267.5,68.55
26,505,191.5,267.75,70.97
26,506,191.5,267.75,70.97
26,507,191.75,267.5,68.55
26,508,191.75,267.5,68.55
26,509,191.75,267.5,68.55
26,510,191.75,267.5,68.55
26,511,191.75,267.5,68.55
26,512,191.5,267.75,70.97
26,513,191.75,267.5,68.55
26,514,191.75,267.5,68.55
26,515,191.75,267.5,68.55
26,516,191.75,267.5,68.55
26,517,191.75,267.5,68.55
26,518,191.75,267.5,68.55
26,519,191.75,267.5,68.55
26,520,191.75,267.5,68.55
26,521,191.75,267.5,68.55
26,522,191.75,267.5,68.55
26,523,191.5,267.75,70.97
26,524,191.75,267.5,68.55
26,525,191.75,267.5,68.55
26,526,191.75,267.5,68.55
26,527,191.75,267.5,68.55
26,528,191.5,267.75,70.97
26,529,191.75,267.5,68.55
26,530,191.75,267.5,68.55
26,531,191.75,267.5,68.55
26,532,191.75,267.5,68.55
26,533,191.75,267.5,68.55
26,534,191.75,267.5,68.55
26,535,191.75,267.5,68.55
26,536,191.75,267.5,68.55
26,537,191.5,267.75,70.97
26,538,191.5,267.75,70.97
26,539,191.75,267.5,68.55
26,540,191.75,267.5,68.55
26,541,191.75,267.5,68.55
26,542,191.75,267.5,68.55
26,543,191.75,267.5,68.55
26,544,191.75,267.5,68.55
26,545,191.75,267.5,68.55
26,546,191.5,267.75,70.97
26,547,191.75,267.5,68.55
26,548,191.75,267.5,68.55
26,549,191.75,267.5,68.55
26,550,191.75,267.5,68.55
26,551,191.75,267.5,68.55
26,552,191.75,267.5,68.55
26,553,191.75,267.5,68.55
26,554,191.75,267.5,68.55
26,555,191.75,267.5,68.55
26,556,191.75,267.5,68.55
26,557,191.75,267.5,68.55
26,558,191.75,267.5,68.55
26,559,191.75,267.5,68.55
26,560,191.75,267.5,68.55
26,561,191.75,267.5,68.55
26,562,191.75,267.5,68.55
26,563,191.75,267.5,68.55
26,564,191.75,267.5,68.55
26,565,191.5,267.75,70.97
26,566,191.5,267.75,70.97
26,567,191.5,267.75,70.97
26,568,191.75,267.5,68.55
26,569,191.75,267.5,68.55
26,570,191.75,267.5,68.55
26,571,191.75,267.5,68.55
26,572,191.75,267.5,68.55
26,573,191.75,267.5,68.55
26,574,191.75,267.5,68.55
26,575,191.75,267.5,68.55
26,576,191.75,267.5,68.55
26,577,191.75,267.5,68.55
26,578,191.75,267.5,68.55
26,579,191.75,267.5,68.55
26,580,191.5,267.75,70.97
26,581,191.75,267.5,68.55
26,582,191.5,267.75,70.97
26,583,191.75,267.5,68.55
26,584,191.75,267.5,68.55
26,585,191.75,267.5,68.55
26,586,191.75,267.5,68.55
26,587,191.75,267.5,68.55
26,588,191.75,267.5,68.55
26,589,191.75,267.5,68.55
26,590,191.75,267.5,68.55
26,591,191.75,267.5,68.55
26,592,191.75,267.5,68.55
26,593,191.75,267.5,68.55
26,594,191.75,267.5,68.55
26,595,191.75,267.5,68.55
26,596,191.75,267.5,68.55
26,597,191.75,267.5,68.55
26,598,191.75,267.5,68.55
26,599,191.75,267.5,68.55
26,600,191.75,267.5,68.55
26,601,191.75,267.5,68.55
26,602,191.75,267.5,68.55
26,603,191.75,267.5,68.55
26,604,191.75,267.5,68.55
26,605,191.5,267.75,70.97
26,606,191.5,267.75,70.97
26,607,191.75,267.5,68.55
26,608,191.75,267.5,68.55
26,609,191.75,267.5,68.55
26,610,191.75,267.5,68.55
26,611,191.75,267.5,68.55
26,612,191.75,267.5,68.55
26,613,191.75,267.5,68.55
26,614,191.75,267.5,68.55
26,615,191.5,267.75,70.97
26,616,191.75,267.5,68.55
26,617,191.75,267.5,68.55
26,618,191.5,267.75,70.97
26,619,191.75,267.5,68.55
26,620,191.75,267.5,68.55
26,621,191.75,267.5,68.55
26,622,191.75,267.5,68.55
26,623,191.75,267.5,68.55
26,624,191.75,267.5,68.55
26,625,191.75,267.5,68.55
26,626,191.75,267.5,68.55
26,627,191.75,267.5,68.55
26,628,191.75,267.5,68.55
26,629,191.75,267.5,68.55
26,630,191.75,267.5,68.55
26,631,191.5,267.75,70.97
26,632,191.75,267.5,68.55
26,633,191.75,267.5,68.55
26,634,191.5,267.75,70.97
26,635,191.75,267.5,68.55
26,636,191.75,267.5,68.55
26,637,191.5,267.75,70.97
26,638,191.5,267.75,70.97
26,639,191.5,267.75,70.97
26,640,191.5,267.75,70.97
26,641,191.75,267.5,68.55
26,642,191.75,267.5,68.55
26,643,191.75,267.5,68.55
26,644,191.75,267.5,68.55
26,645,191.75,267.5,68.55
26,646,191.75,267.5,68.55
26,647,191.75,267.5,68.55
26,648,191.75,267.5,68.55
26,649,191.75,267.5,68.55
26,650,191.75,267.5,68.55
26,651,191.75,267.5,68.55
26,652,191.75,267.5,68.55
26,653,191.75,267.5,68.55
26,654,191.75,267.5,68.55
26,655,191.75,267.5,68.55
26,656,191.5,267.75,70.97
26,657,191.75,267.5,68.55
26,658,191.75,267.5,68.55
26,659,191.75,267.5,68.55
26,660,191.75,267.5,68.55
26,661,191.75,267.5,68.55
26,662,191.5,267.75,70.97
26,663,191.5,267.75,70.97
26,664,191.5,267.75,70.97
26,665,191.75,267.5,68.55
26,666,191.75,267.5,68.55
26,667,191.75,267.5,68.55
26,668,191.5,267.75,70.97
26,669,191.75,267.5,68.55
26,670,191.75,267.5,68.55
26,671,191.75,267.5,68.55
26,672,191.75,267.5,68.55
26,673,191.75,267.5,68.55
26,674,191.75,267.5,68.55
26,675,191.75,267.5,68.55
26,676,191.5,267.75,70.97
26,677,191.75,267.5,68.55
26,678,191.5,267.75,70.97
26,679,191.5,267.75,70.97
26,680,191.75,267.5,68.55
26,681,191.75,267.5,68.55
26,682,191.75,267.5,68.55
26,683,191.75,267.5,68.55
26,684,191.75,267.5,68.55
26,685,191.75,267.5,68.55
26,686,191.75,267.5,68.55
26,687,191.5,267.75,70.97
26,688,191.75,267.5,68.55
26,689,191.75,267.5,68.55
26,690,191.75,267.5,68.55
26,691,191.75,267.5,68.55
26,692,191.75,267.5,68.55
26,693,191.75,267.5,68.55
26,694,191.75,267.5,68.55
26,695,191.75,267.5,68.55
26,696,191.75,267.5,68.55
26,697,191.75,267.5,68.55
26,698,191.75,267.5,68.55
26,699,191.75,267.5,68.55
26,700,191.75,267.5,68.55
26,701,191.75,267.5,68.55
26,702,191.75,267.5,68.55
26,703,191.75,267.5,68.55
26,704,191.75,267.5,68.55
26,705,191.75,267.5,68.55
26,706,191.75,267.5,68.55
26,707,191.75,267.5,68.55
26,708,191.75,267.5,68.55
26,709,191.5,267.75,70.97
26,710,191.75,267.5,68.55
26,711,191.75,267.5,68.55
26,712,191.75,267.5,68.55
26,713,191.75,267.5,68.55
26,714,191.75,267.5,68.55
26,715,191.75,267.5,68.55
26,716,191.75,267.5,68.55
26,717,191.75,267.5,68.55
26,718,191.75,267.5,68.55
26,719,191.75,267.5,68.55
26,720,191.75,267.5,68.55
26,721,191.75,267.5,68.55
26,722,191.5,267.75,70.97
26,723,191.75,267.5,68.55
26,724,191.75,267.5,68.55
26,725,191.75,267.5,68.55
26,726,191.5,267.75,70.97
26,727,191.75,267.5,68.55
26,728,191.75,267.5,68.55
26,729,191.75,267.5,68.55
26,730,191.75,267.5,68.55
26,731,191.75,267.5,68.55
26,732,191.75,267.5,68.55
26,733,191.75,267.5,68.55
26,734,191.75,267.5,68.55
26,735,191.5,267.75,70.97
26,736,191.5,267.75,70.97
26,737,191.75,267.5,68.55
26,738,191.5,267.75,70.97
26,739,191.75,267.5,68.55
26,740,191.75,267.5,68.55
26,741,191.5,267.75,70.97
26,742,191.75,267.5,68.55
26,743,191.75,267.5,68.55
26,744,191.75,267.5,68.55
26,745,191.5,267.75,70.97
26,746,191.75,267.5,68.55
26,747,191.75,267.5,68.55
26,748,191.75,267.5,68.55
26,749,191.75,267.5,68.55
26,750,191.75,267.5,68.55
26,751,191.75,267.5,68.55
26,752,191.75,267.5,68.55
26,753,191.75,267.5,68.55
26,754,191.75,267.5,68.55
26,755,191.75,267.5,68.55
26,756,191.75,267.5,68.55
26,757,191.5,267.75,70.97
26,758,191.5,267.75,70.97
26,759,191.5,267.75,70.97
26,760,191.75,267.5,68.55
26,761,191.75,267.5,68.55
26,762,191.75,267.5,68.55
26,763,191.75,267.5,68.55
26,764,191.75,267.5,68.55
26,765,191.75,267.5,68.55
26,766,191.75,267.5,68.55
26,767,191.5,267.75,70.97
26,768,191.75,267.5,68.55
26,769,191.75,267.5,68.55
26,770,191.75,267.5,68.55
26,771,191.75,267.5,68.55
26,772,191.75,267.5,68.55
26,773,191.75,267.5,68.55
26,774,191.75,267.5,68.55
26,775,191.5,267.75,70.97
26,776,191.5,267.75,70.97
26,777,191.75,267.5,68.55
26,778,191.75,267.5,68.55
26,779,191.5,267.75,70.97
26,780,191.5,267.75,70.97
26,781,191.5,267.75,70.97
26,782,191.5,267.75,70.97
26,783,191.75,267.5,68.55
26,784,191.75,267.5,68.55
26,785,191.75,267.5,68.55
26,786,191.75,267.5,68.55
26,787,191.5,267.75,70.97
26,788,191.75,267.5,68.55
26,789,191.75,267.5,68.55
26,790,191.75,267.5,68.55
26,791,191.75,267.5,68.55
26,792,191.75,267.5,68.55
26,793,191.5,267.75,70.97
26,794,191.75,267.5,68.55
26,795,191.75,267.5,68.55
26,796,191.5,267.75,70.97
26,797,191.75,267.5,68.55
26,798,191.75,267.5,68.55
26,799,191.5,267.75,70.97
26,800,191.75,267.5,68.55
26,801,191.5,267.75,70.97
26,802,191.5,267.75,70.97
26,803,191.75,267.5,68.55
26,804,191.75,267.5,68.55
26,805,191.5,267.75,70.97
26,806,191.75,267.5,68.55
26,807,191.5,267.75,70.97
26,808,191.75,267.5,68.55
26,809,191.75,267.5,68.55
26,810,191.75,267.5,68.55
26,811,191.75,267.5,68.55
26,812,191.5,267.75,70.97
26,813,191.75,267.5,68.55
26,814,191.5,267.75,70.97
26,815,191.75,267.5,68.55
26,816,191.75,267.5,68.55
26,817,191.5,267.75,70.97
26,818,191.75,267.5,68.55
26,819,191.75,267.5,68.55
26,820,191.75,267.5,68.55
26,821,191.75,267.5,68.55
26,822,191.5,267.75,70.97
26,823,191.5,267.75,70.97
26,824,191.5,267.75,70.97
26,825,191.75,267.5,68.55
26,826,191.75,267.5,68.55
26,827,191.75,267.5,68.55
26,828,191.5,267.75,70.97
26,829,191.75,267.5,68.55
26,830,191.75,267.5,68.55
26,831,191.75,267.5,68.55
26,832,191.75,267.5,68.55
26,833,191.5,267.75,70.97
26,834,191.5,267.75,70.97
26,835,191.5,267.75,70.97
26,836,191.75,267.5,68.55
26,837,191.5,267.75,70.97
26,838,191.5,267.75,70.97
26,839,191.5,267.75,70.97
26,840,191.75,267.5,68.55
26,841,191.5,267.75,70.97
26,842,191.75,267.5,68.55
26,843,191.75,267.5,68.55
26,844,191.75,267.5,68.55
26,845,191.5,267.75,70.97
26,846,191.75,267.5,68.55
26,847,191.75,267.5,68.55
26,848,191.75,267.5,68.55
26,849,191.75,267.5,68.55
26,850,191.5,267.75,70.97
26,851,191.75,267.5,68.55
26,852,191.75,267.5,68.55
26,853,191.5,267.75,70.97
26,854,191.5,267.75,70.97
26,855,191.75,267.5,68.55
26,856,191.5,267.75,70.97
26,857,191.5,267.75,70.97
26,858,191.75,267.5,68.55
26,859,191.5,267.75,70.97
26,860,191.75,267.5,68.55
26,861,191.75,267.5,68.55
26,862,191.75,267.5,68.55
26,863,191.5,267.75,70.97
26,864,191.75,267.5,68.55
26,865,191.5,267.75,70.97
26,866,191.75,267.5,68.55
26,867,191.5,267.75,70.97
26,868,191.5,267.75,70.97
26,869,191.5,267.75,70.97
26,870,191.5,267.75,70.97
26,871,191.5,267.75,70.97
26,872,191.75,267.5,68.55
26,873,191.75,267.5,68.55
26,874,191.75,267.5,68.55
26,875,191.5,267.75,70.97
26,876,191.5,267.75,70.97
26,877,191.5,267.75,70.97
26,878,191.5,267.75,70.97
26,879,191.75,267.5,68.55
26,880,191.75,267.5,68.55
26,881,191.75,267.5,68.55
26,882,191.75,267.5,68.55
26,883,191.75,267.5,68.55
26,884,191.75,267.5,68.55
26,885,191.75,267.5,68.55
26,886,191.75,267.5,68.55
26,887,191.5,267.75,70.97
26,888,191.75,267.5,68.55
26,889,191.75,267.5,68.55
26,890,191.5,267.75,70.97
26,891,191.75,267.5,68.55
26,892,191.5,267.75,70.97
26,893,191.5,267.75,70.97
26,894,191.5,267.75,70.97
26,895,191.5,267.75,70.97
26,896,191.5,267.75,70.97
26,897,191.75,267.5,68.55
26,898,191.75,267.5,68.55
26,899,191.75,267.5,68.55
26,900,191.5,267.75,70.97
26,901,191.75,267.5,68.55
26,902,191.75,267.5,68.55
26,903,191.75,267.5,68.55
26,904,191.5,267.75,70.97
26,905,191.75,267.5,68.55
26,906,191.5,267.75,70.97
26,907,191.75,267.5,68.55
26,908,191.5,267.75,70.97
26,909,191.75,267.5,68.55
26,910,191.75,267.5,68.55
26,911,191.75,267.5,68.55
26,912,191.75,267.5,68.55
26,913,191.75,267.5,68.55
26,914,191.75,267.5,68.55
26,915,191.5,267.75,70.97
26,916,191.75,267.5,68.55
26,917,191.75,267.5,68.55
26,918,191.75,267.5,68.55
26,919,191.75,267.5,68.55
26,920,191.75,267.5,68.55
26,921,191.75,267.5,68.55
26,922,191.75,267.5,68.55
26,923,191.75,267.5,68.55
26,924,191.5,267.75,70.97
26,925,191.75,267.5,68.55
26,926,191.75,267.5,68.55
26,927,191.75,267.5,68.55
26,928,191.75,267.5,68.55
26,929,191.75,267.5,68.55
26,930,191.75,267.5,68.55
26,931,191.75,267.5,68.55
26,932,191.75,267.5,68.55
26,933,191.5,267.75,70.97
26,934,191.5,267.75,70.97
26,935,191.5,267.75,70.97
26,936,191.5,267.75,70.97
26,937,191.75,267.5,68.55
26,938,191.5,267.75,70.97
26,939,191.5,267.75,70.97
26,940,191.75,267.5,68.55
26,941,191.75,267.5,68.55
26,942,191.75,267.5,68.55
26,943,191.5,267.75,70.97
26,944,191.5,267.75,70.97
26,945,191.5,267.75,70.97
26,946,191.75,267.5,68.55
26,947,191.75,267.5,68.55
26,948,191.75,267.5,68.55
26,949,191.75,267.5,68.55
26,950,191.75,267.5,68.55
26,951,191.5,267.75,70.97
26,952,191.75,267.5,68.55
26,953,191.75,267.5,68.55
26,954,191.5,267.75,70.97
26,955,191.75,267.5,68.55
26,956,191.5,267.75,70.97
26,957,191.75,267.5,68.55
26,958,191.75,267.5,68.55
26,959,191.75,267.5,68.55
26,960,191.75,267.5,68.55
26,961,191.75,267.5,68.55
26,962,191.75,267.5,68.55
26,963,191.75,267.5,68.55
26,964,191.75,267.5,68.55
26,965,191.75,267.5,68.55
26,966,191.75,267.5,68.55
26,967,191.5,267.75,70.97
26,968,191.5,267.75,70.97
26,969,191.75,267.5,68.55
26,970,191.75,267.5,68.55
26,971,191.75,267.5,68.55
26,972,191.75,267.5,68.55
26,973,191.75,267.5,68.55
26,974,191.75,267.5,68.55
26,975,191.75,267.5,68.55
26,976,191.75,267.5,68.55
26,977,191.75,267.5,68.55
26,978,191.5,267.75,70.97
26,979,191.75,267.5,68.55
26,980,191.75,267.5,68.55
26,981,191.75,267.5,68.55
26,982,191.5,267.75,70.97
26,983,191.5,267.75,70.97
26,984,191.75,267.5,68.55
26,985,191.75,267.5,68.55
26,986,191.75,267.5,68.55
26,987,191.75,267.5,68.55
26,988,191.75,267.5,68.55
26,989,191.75,267.5,68.55
26,990,191.5,267.75,70.97
26,991,191.75,267.5,68.55
26,992,191.5,267.75,70.97
26,993,191.5,267.75,70.97
26,994,191.75,267.5,68.55
26,995,191.5,267.75,70.97
26,996,191.75,267.5,68.55
26,997,191.75,267.5,68.55
26,998,191.75,267.5,68.55
26,999,191.75,267.5,68.55
26,1000,191.75,267.5,68.55
26,1001,191.5,267.75,70.97
26,1002,191.75,267.5,68.55
26,1003,191.5,267.75,70.97
26,1004,191.5,267.75,70.97
26,1005,191.75,267.5,68.55
26,1006,191.75,267.5,68.55
26,1007,191.75,267.5,68.55
26,1008,191.75,267.5,68.55
26,1009,191.5,267.75,70.97
26,1010,191.5,267.75,70.97
26,1011,191.5,267.75,70.97
26,1012,191.75,267.5,68.55
26,1013,191.5,267.75,70.97
26,1014,191.5,267.75,70.97
26,1015,191.75,267.5,68.55
26,1016,191.75,267.5,68.55
26,1017,191.5,267.75,70.97
26,1018,191.75,267.5,68.55
26,1019,191.75,267.5,68.55
26,1020,191.75,267.5,68.55
26,1021,191.75,267.5,68.55
26,1022,191.75,267.5,68.55
26,1023,191.5,267.75,70.97
26,1024,191.75,267.5,68.55
26,1025,191.75,267.5,68.55
26,1026,191.75,267.5,68.55
26,1027,191.75,267.5,68.55
26,1028,191.75,267.5,68.55
26,1029,191.75,267.5,68.55
26,1030,191.75,267.5,68.55
26,1031,191.75,267.5,68.55
26,1032,191.75,267.5,68.55
26,1033,191.75,267.5,68.55
26,1034,191.75,267.5,68.55
26,1035,191.5,267.75,70.97
26,1036,191.75,267.5,68.55
26,1037,191.75,267.5,68.55
26,1038,191.75,267.5,68.55
26,1039,191.75,267.5,68.55
26,1040,191.75,267.5,68.55
26,1041,191.75,267.5,68.55
26,1042,191.75,267.5,68.55
26,1043,191.75,267.5,68.55
26,1044,191.5,267.75,70.97
26,1045,191.75,267.5,68.55
26,1046,191.75,267.5,68.55
26,1047,191.75,267.5,68.55
26,1048,191.75,267.5,68.55
26,1049,191.75,267.5,68.55
26,1050,191.75,267.5,68.55
26,1051,191.75,267.5,68.55
26,1052,191.75,267.5,68.55
26,1053,191.5,267.75,70.97
26,1054,191.5,267.75,70.97
26,1055,191.75,267.5,68.55
26,1056,191.5,267.75,70.97
26,1057,191.75,267.5,68.55
26,1058,191.75,267.5,68.55
26,1059,191.75,267.5,68.55
26,1060,191.75,267.5,68.55
26,1061,191.75,267.5,68.55
26,1062,191.75,267.5,68.55
26,1063,191.75,267.5,68.55
26,1064,191.5,267.75,70.97
26,1065,191.75,267.5,68.55
26,1066,191.75,267.5,68.55
26,1067,191.75,267.5,68.55
26,1068,191.5,267.75,70.97
26,1069,191.75,267.5,68.55
26,1070,191.75,267.5,68.55
26,1071,191.75,267.5,68.55
26,1072,191.5,267.75,70.97
26,1073,191.5,267.75,70.97
26,1074,191.75,267.5,68.55
26,1075,191.75,267.5,68.55
26,1076,191.75,267.5,68.55
26,1077,191.5,267.75,70.97
26,1078,191.5,267.75,70.97
26,1079,191.75,267.5,68.55
26,1080,191.5,267.75,70.97
26,1081,191.75,267.5,68.55
26,1082,191.75,267.5,68.55
26,1083,191.75,267.5,68.55
26,1084,191.75,267.5,68.55
26,1085,191.75,267.5,68.55
26,1086,191.75,267.5,68.55
26,1087,191.75,267.5,68.55
26,1088,191.75,267.5,68.55
26,1089,191.75,267.5,68.55
26,1090,191.75,267.5,68.55
26,1091,191.75,267.5,68.55
26,1092,191.75,267.5,68.55
26,1093,191.5,267.75,70.97
26,1094,191.75,267.5,68.55
26,1095,191.75,267.5,68.55
26,1096,191.5,267.75,70.97
26,1097,191.75,267.5,68.55
26,1098,191.75,267.5,68.55
26,1099,191.75,267.5,68.55
26,1100,191.75,267.5,68.55
26,1101,191.5,267.75,70.97
26,1102,191.75,267.5,68.55
26,1103,191.75,267.5,68.55
26,1104,191.75,267.5,68.55
26,1105,191.75,267.5,68.55
26,1106,191.75,267.5,68.55
26,1107,191.75,267.5,68.55
26,1108,191.75,267.5,68.55
26,1109,191.75,267.5,68.55
26,1110,191.5,267.75,70.97
26,1111,191.5,267.75,70.97
26,1112,191.5,267.75,70.97
26,1113,191.75,267.5,68.55
26,1114,191.75,267.5,68.55
26,1115,191.75,267.5,68.55
26,1116,191.75,267.5,68.55
26,1117,191.75,267.5,68.55
26,1118,191.75,267.5,68.55
26,1119,191.75,267.5,68.55
26,1120,191.5,267.75,70.97
26,1121,191.5,267.75,70.97
26,1122,191.5,267.75,70.97
26,1123,191.75,267.5,68.55
26,1124,191.5,267.75,70.97
26,1125,191.75,267.5,68.55
26,1126,191.5,267.75,70.97
26,1127,191.75,267.5,68.55
26,1128,191.75,267.5,68.55
26,1129,191.5,267.75,70.97
26,1130,191.75,267.5,68.55
26,1131,191.75,267.5,68.55
26,1132,191.75,267.5,68.55
26,1133,191.75,267.5,68.55
26,1134,191.75,267.5,68.55
26,1135,191.75,267.5,68.55
26,1136,191.5,267.75,70.97
26,1137,191.75,267.5,68.55
26,1138,191.5,267.75,70.97
26,1139,191.75,267.5,68.55
26,1140,191.5,267.75,70.97
26,1141,191.75,267.5,68.55
26,1142,191.75,267.5,68.55
26,1143,191.75,267.5,68.55
26,1144,191.75,267.5,68.55
26,1145,191.75,267.5,68.55
26,1146,191.75,267.5,68.55
26,1147,191.75,267.5,68.55
26,1148,191.75,267.5,68.55
26,1149,191.75,267.5,68.55
26,1150,191.5,267.75,70.97
26,1151,191.5,267.75,70.97
26,1152,191.75,267.5,68.55
26,1153,191.5,267.75,70.97
26,1154,191.5,267.75,70.97
26,1155,191.75,267.5,68.55
26,1156,191.5,267.75,70.97
26,1157,191.75,267.5,68.55
26,1158,191.75,267.5,68.55
26,1159,191.75,267.5,68.55
26,1160,191.75,267.5,68.55
26,1161,191.75,267.5,68.55
26,1162,191.5,267.75,70.97
26,1163,191.75,267.5,68.55
26,1164,191.75,267.5,68.55
26,1165,191.75,267.5,68.55
26,1166,191.5,267.75,70.97
26,1167,191.75,267.5,68.55
26,1168,191.75,267.5,68.55
26,1169,191.75,267.5,68.55
26,1170,191.5,267.75,70.97
26,1171,191.75,267.5,68.55
26,1172,191.5,267.75,70.97
26,1173,191.75,267.5,68.55
26,1174,191.75,267.5,68.55
26,1175,191.5,267.75,70.97
26,1176,191.5,267.75,70.97
26,1177,191.75,267.5,68.55
26,1178,191.75,267.5,68.55
26,1179,191.75,267.5,68.55
26,1180,191.75,267.5,68.55
26,1181,191.5,267.75,70.97
26,1182,191.75,267.5,68.55
26,1183,191.75,267.5,68.55
26,1184,191.75,267.5,68.55
26,1185,191.75,267.5,68.55
26,1186,191.75,267.5,68.55
26,1187,191.5,267.75,70.97
26,1188,191.75,267.5,68.55
26,1189,191.75,267.5,68.55
26,1190,191.75,267.5,68.55
26,1191,191.75,267.5,68.55
26,1192,191.75,267.5,68.55
26,1193,191.5,267.75,70.97
26,1194,191.5,267.75,70.97
26,1195,191.75,267.5,68.55
26,1196,191.75,267.5,68.55
26,1197,191.5,267.75,70.97
26,1198,191.75,267.5,68.55
26,1199,191.75,267.5,68.55
26,1200,191.75,267.5,68.55
26,1201,191.75,267.5,68.55
26,1202,191.75,267.5,68.55
26,1203,191.75,267.5,68.55
26,1204,191.75,267.5,68.55
26,1205,191.75,267.5,68.55
26,1206,191.5,267.75,70.97
26,1207,191.75,267.5,68.55
26,1208,191.5,267.75,70.97
26,1209,191.75,267.5,68.55
26,1210,191.5,267.75,70.97
26,1211,191.5,267.75,70.97
26,1212,191.75,267.5,68.55
26,1213,191.75,267.5,68.55
26,1214,191.5,267.75,70.97
26,1215,191.5,267.75,70.97
26,1216,191.75,267.5,68.55
26,1217,191.5,267.75,70.97
26,1218,191.5,267.75,70.97
26,1219,191.75,267.5,68.55
26,1220,191.75,267.5,68.55
26,1221,191.75,267.5,68.55
26,1222,191.75,267.5,68.55
26,1223,191.5,267.75,70.97
26,1224,191.75,267.5,68.55
26,1225,191.75,267.5,68.55
26,1226,191.75,267.5,68.55
26,1227,191.75,267.5,68.55
26,1228,191.75,267.5,68.55
26,1229,191.75,267.5,68.55
26,1230,191.75,267.5,68.55
26,1231,191.5,267.75,70.97
26,1232,191.75,267.5,68.55
26,1233,191.75,267.5,68.55
26,1234,191.75,267.5,68.55
26,1235,191.5,267.75,70.97
26,1236,191.75,267.5,68.55
26,1237,191.75,267.5,68.55
26,1238,191.5,267.75,70.97
26,1239,191.5,267.75,70.97
26,1240,191.75,267.5,68.55
26,1241,191.75,267.5,68.55
26,1242,191.75,267.5,68.55
26,1243,191.5,267.75,70.97
26,1244,191.5,267.75,70.97
26,1245,191.75,267.5,68.55
26,1246,191.75,267.5,68.55
26,1247,191.75,267.5,68.55
26,1248,191.5,267.75,70.97
26,1249,191.5,267.75,70.97
26,1250,191.5,267.75,70.97
26,1251,191.75,267.5,68.55
26,1252,191.5,267.75,70.97
26,1253,191.75,267.5,68.55
26,1254,191.75,267.5,68.55
26,1255,191.75,267.5,68.55
26,1256,191.75,267.5,68.55
26,1257,191.75,267.5,68.55
26,1258,191.75,267.5,68.55
26,1259,191.5,267.75,70.97
26,1260,191.75,267.5,68.55
26,1261,191.5,267.75,70.97
26,1262,191.75,267.5,68.55
26,1263,191.75,267.5,68.55
26,1264,191.75,267.5,68.55
26,1265,191.75,267.5,68.55
26,1266,191.75,267.5,68.55
26,1267,191.5,267.75,70.97
26,1268,191.5,267.75,70.97
26,1269,191.5,267.75,70.97
26,1270,191.75,267.5,68.55
26,1271,191.5,267.75,70.97
26,1272,191.75,267.5,68.55
26,1273,191.75,267.5,68.55
26,1274,191.75,267.5,68.55
26,1275,191.75,267.5,68.55
26,1276,191.5,267.75,70.97
26,1277,191.75,267.5,68.55
26,1278,191.5,267.75,70.97
26,1279,191.5,267.75,70.97
26,1280,191.5,267.75,70.97
26,1281,191.75,267.5,68.55
26,1282,191.5,267.75,70.97
26,1283,191.75,267.5,68.55
26,1284,191.75,267.5,68.55
26,1285,191.5,267.75,70.97
26,1286,191.75,267.5,68.55
26,1287,191.5,267.75,70.97
26,1288,191.5,267.75,70.97
26,1289,191.5,267.75,70.97
26,1290,191.75,267.5,68.55
26,1291,191.75,267.5,68.55
26,1292,191.75,267.5,68.55
26,1293,191.75,267.5,68.55
26,1294,191.75,267.5,68.55
26,1295,191.75,267.5,68.55
26,1296,191.75,267.5,68.55
26,1297,191.75,267.5,68.55
26,1298,191.5,267.75,70.97
26,1299,191.75,267.5,68.55
26,1300,191.75,267.5,68.55
26,1301,191.75,267.5,68.55
26,1302,191.5,267.75,70.97
26,1303,191.75,267.5,68.55
26,1304,191.75,267.5,68.55
26,1305,191.75,267.5,68.55
26,1306,191.5,267.75,70.97
26,1307,191.5,267.75,70.97
26,1308,191.5,267.75,70.97
26,1309,191.5,267.75,70.97
26,1310,191.5,267.75,70.97
26,1311,191.5,267.75,70.97
26,1312,191.75,267.5,68.55
26,1313,191.5,267.75,70.97
26,1314,191.75,267.5,68.55
26,1315,191.75,267.5,68.55
26,1316,191.5,267.75,70.97
26,1317,191.5,267.75,70.97
26,1318,191.75,267.5,68.55
26,1319,191.5,267.75,70.97
26,1320,191.75,267.5,68.55
26,1321,191.75,267.5,68.55
26,1322,191.5,267.75,70.97
26,1323,191.5,267.75,70.97
26,1324,191.75,267.5,68.55
26,1325,191.5,267.75,70.97
26,1326,191.75,267.5,68.55
26,1327,191.75,267.5,68.55
26,1328,191.75,267.5,68.55
26,1329,191.75,267.5,68.55
26,1330,191.75,267.5,68.55
26,1331,191.75,267.5,68.55
26,1332,191.75,267.5,68.55
26,1333,191.75,267.5,68.55
26,1334,191.75,267.5,68.55
26,1335,191.75,267.5,68.55
26,1336,191.75,267.5,68.55
26,1337,191.75,267.5,68.55
26,1338,191.5,267.75,70.97
26,1339,191.5,267.75,70.97
26,1340,191.5,267.75,70.97
26,1341,191.5,267.75,70.97
26,1342,191.75,267.5,68.55
26,1343,191.5,267.75,70.97
26,1344,191.75,267.5,68.55
26,1345,191.75,267.5,68.55
26,1346,191.5,267.75,70.97
26,1347,191.5,267.75,70.97
26,1348,191.75,267.5,68.55
26,1349,191.75,267.5,68.55
26,1350,191.75,267.5,68.55
26,1351,191.75,267.5,68.55
26,1352,191.75,267.5,68.55
26,1353,191.5,267.75,70.97
26,1354,191.75,267.5,68.55
26,1355,191.75,267.5,68.55
26,1356,191.75,267.5,68.55
26,1357,191.5,267.75,70.97
26,1358,191.75,267.5,68.55
26,1359,191.5,267.75,70.97
26,1360,191.75,267.5,68.55
26,1361,191.75,267.5,68.55
26,1362,191.75,267.5,68.55
26,1363,191.75,267.5,68.55
26,1364,191.75,267.5,68.55
26,1365,191.5,267.75,70.97
26,1366,191.75,267.5,68.55
26,1367,191.75,267.5,68.55
26,1368,191.5,267.75,70.97
26,1369,191.75,267.5,68.55
26,1370,191.75,267.5,68.55
26,1371,191.75,267.5,68.55
26,1372,191.5,267.75,70.97
26,1373,191.5,267.75,70.97
26,1374,191.5,267.75,70.97
26,1375,191.75,267.5,68.55
26,1376,191.75,267.5,68.55
26,1377,191.75,267.5,68.55
26,1378,191.75,267.5,68.55
26,1379,191.75,267.5,68.55
26,1380,191.5,267.75,70.97
26,1381,191.5,267.75,70.97
26,1382,191.5,267.75,70.97
26,1383,191.5,267.75,70.97
26,1384,191.75,267.5,68.55
26,1385,191.75,267.5,68.55
26,1386,191.5,267.75,70.97
26,1387,191.5,267.75,70.97
26,1388,191.5,267.75,70.97
26,1389,191.75,267.5,68.55
26,1390,191.75,267.5,68.55
26,1391,191.75,267.5,68.55
26,1392,191.75,267.5,68.55
26,1393,191.75,267.5,68.55
26,1394,191.75,267.5,68.55
26,1395,191.5,267.75,70.97
26,1396,191.75,267.5,68.55
26,1397,191.5,267.75,70.97
26,1398,191.5,267.75,70.97
26,1399,191.5,267.75,70.97
26,1400,191.5,267.75,70.97
26,1401,191.75,267.5,68.55
26,1402,191.75,267.5,68.55
26,1403,191.75,267.5,68.55
26,1404,191.75,267.5,68.55
26,1405,191.75,267.5,68.55
26,1406,191.5,267.75,70.97
26,1407,191.75,267.5,68.55
26,1408,191.5,267.75,70.97
26,1409,191.5,267.75,70.97
26,1410,191.75,267.5,68.55
26,1411,191.75,267.5,68.55
26,1412,191.75,267.5,68.55
26,1413,191.5,267.75,70.97
26,1414,191.75,267.5,68.55
26,1415,191.75,267.5,68.55
26,1416,191.75,267.5,68.55
26,1417,191.75,267.5,68.55
26,1418,191.5,267.75,70.97
26,1419,191.5,267.75,70.97
26,1420,191.5,267.75,70.97
26,1421,191.75,267.5,68.55
26,1422,191.75,267.5,68.55
26,1423,191.75,267.5,68.55
26,1424,191.5,267.75,70.97
26,1425,191.75,267.5,68.55
26,1426,191.5,267.75,70.97
26,1427,191.75,267.5,68.55
26,1428,191.5,267.75,70.97
26,1429,191.75,267.5,68.55
26,1430,191.75,267.5,68.55
26,1431,191.75,267.5,68.55
26,1432,191.75,267.5,68.55
26,1433,191.75,267.5,68.55
26,1434,191.75,267.5,68.55
26,1435,191.5,267.75,70.97
26,1436,191.5,267.75,70.97
26,1437,191.75,267.5,68.55
26,1438,191.5,267.75,70.97
26,1439,191.75,267.5,68.55
26,1440,191.5,267.75,70.97
26,1441,191.75,267.5,68.55
26,1442,191.75,267.5,68.55
26,1443,191.75,267.5,68.55
26,1444,191.5,267.75,70.97
26,1445,191.75,267.5,68.55
26,1446,191.75,267.5,68.55
26,1447,191.75,267.5,68.55
26,1448,191.75,267.5,68.55
26,1449,191.75,267.5,68.55
26,1450,191.75,267.5,68.55
26,1451,191.75,267.5,68.55
26,1452,191.75,267.5,68.55
26,1453,191.75,267.5,68.55
26,1454,191.75,267.5,68.55
26,1455,191.75,267.5,68.55
26,1456,191.75,267.5,68.55
26,1457,191.75,267.5,68.55
26,1458,191.75,267.5,68.55
26,1459,191.75,267.5,68.55
26,1460,191.75,267.5,68.55
26,1461,191.75,267.5,68.55
26,1462,191.75,267.5,68.55
26,1463,191.75,267.5,68.55
26,1464,191.75,267.5,68.55
26,1465,191.75,267.5,68.55
26,1466,191.5,267.75,70.97
26,1467,191.5,267.75,70.97
26,1468,191.75,267.5,68.55
26,1469,191.5,267.75,70.97
26,1470,191.75,267.5,68.55
26,1471,191.75,267.5,68.55
26,1472,191.75,267.5,68.55
26,1473,191.5,267.75,70.97
26,1474,191.5,267.75,70.97
26,1475,191.75,267.5,68.55
26,1476,191.75,267.5,68.55
26,1477,191.5,267.75,70.97
26,1478,191.75,267.5,68.55
26,1479,191.5,267.75,70.97
26,1480,191.5,267.75,70.97
26,1481,191.5,267.75,70.97
26,1482,191.75,267.5,68.55
26,1483,191.5,267.75,70.97
26,1484,191.75,267.5,68.55
26,1485,191.5,267.75,70.97
26,1486,191.75,267.5,68.55
26,1487,191.75,267.5,68.55
26,1488,191.75,267.5,68.55
26,1489,191.5,267.75,70.97
26,1490,191.5,267.75,70.97
26,1491,191.5,267.75,70.97
26,1492,191.75,267.5,68.55
26,1493,191.5,267.75,70.97
26,1494,191.75,267.5,68.55
26,1495,191.5,267.75,70.97
26,1496,191.75,267.5,68.55
26,1497,191.5,267.75,70.97
26,1498,191.5,267.75,70.97
26,1499,191.5,267.75,70.97
26,1500,191.75,267.5,68.55
26,1501,191.5,267.75,70.97
26,1502,191.5,267.75,70.97
26,1503,191.75,267.5,68.55
26,1504,191.5,267.75,70.97
26,1505,191.5,267.75,70.97
26,1506,191.75,267.5,68.55
26,1507,191.5,267.75,70.97
26,1508,191.75,267.5,68.55
26,1509,191.5,267.75,70.97
26,1510,191.75,267.5,68.55
26,1511,191.75,267.5,68.55
26,1512,191.5,267.75,70.97
26,1513,191.5,267.75,70.97
26,1514,191.75,267.5,68.55
26,1515,191.5,267.75,70.97
26,1516,191.5,267.75,70.97
26,1517,191.75,267.5,68.55
26,1518,191.5,267.75,70.97
26,1519,191.5,267.75,70.97
26,1520,191.5,267.75,70.97
26,1521,191.75,267.5,68.55
26,1522,191.5,267.75,70.97
26,1523,191.75,267.5,68.55
26,1524,191.5,267.75,70.97
26,1525,191.75,267.5,68.55
26,1526,191.75,267.5,68.55
26,1527,191.75,267.5,68.55
26,1528,191.5,267.75,70.97
26,1529,191.75,267.5,68.55
26,1530,191.5,267.75,70.97
26,1531,191.75,267.5,68.55
26,1532,191.5,267.75,70.97
26,1533,191.5,267.75,70.97
26,1534,191.5,267.75,70.97
26,1535,191.75,267.5,68.55
26,1536,191.5,267.75,70.97
26,1537,191.5,267.75,70.97
26,1538,191.5,267.75,70.97
26,1539,191.75,267.5,68.55
26,1540,191.5,267.75,70.97
26,1541,191.75,267.5,68.55
26,1542,191.5,267.75,70.97
26,1543,191.75,267.5,68.55
26,1544,191.75,267.5,68.55
26,1545,191.75,267.5,68.55
26,1546,191.5,267.75,70.97
26,1547,191.75,267.5,68.55
26,1548,191.75,267.5,68.55
26,1549,191.75,267.5,68.55
26,1550,191.5,267.75,70.97
26,1551,191.75,267.5,68.55
26,1552,191.75,267.5,68.55
26,1553,191.75,267.5,68.55
26,1554,191.75,267.5,68.55
26,1555,191.75,267.5,68.55
26,1556,191.75,267.5,68.55
26,1557,191.75,267.5,68.55
26,1558,191.75,267.5,68.55
26,1559,191.75,267.5,68.55
26,1560,191.75,267.5,68.55
26,1561,191.5,267.75,70.97
26,1562,191.75,267.5,68.55
26,1563,191.75,267.5,68.55
26,1564,191.75,267.5,68.55
26,1565,191.75,267.5,68.55
26,1566,191.75,267.5,68.55
26,1567,191.75,267.5,68.55
26,1568,191.75,267.5,68.55
26,1569,191.75,267.5,68.55
26,1570,191.75,267.5,68.55
26,1571,191.75,267.5,68.55
26,1572,191.75,267.5,68.55
26,1573,191.75,267.5,68.55
26,1574,191.75,267.5,68.55
26,1575,191.75,267.5,68.55
26,1576,193.25,268.25,70.35
26,1577,193.75,265.0,66.80
26,1578,195.25,262.5,67.83
26,1579,196.0,262.0,66.80
26,1580,196.25,262.5,65.10
26,1581,196.25,262.75,64.29
26,1582,196.25,262.5,65.10
26,1583,196.75,263.25,63.43
26,1584,197.0,264.25,66.80
26,1585,197.5,264.0,64.29
26,1586,197.25,264.5,65.10
26,1587,197.75,265.0,66.80
26,1588,197.5,265.5,65.10
26,1589,198.0,265.25,66.80
26,1590,198.0,265.25,66.80
26,1591,197.75,265.5,66.80
26,1592,197.5,265.0,65.10
26,1593,197.5,265.75,65.10
26,1594,198.0,265.25,66.80
26,1595,198.0,265.25,66.80
26,1596,197.5,265.0,65.10
26,1597,198.0,265.25,66.80
26,1598,197.5,265.0,65.10
26,1599,198.0,265.25,66.80
26,1600,198.0,265.25,66.80
26,1601,197.5,265.0,65.10
26,1602,198.0,265.25,66.80
26,1603,197.75,265.5,66.80
26,1604,197.75,265.5,66.80
26,1605,198.0,265.25,66.80
26,1606,198.0,265.25,66.80
26,1607,198.0,265.25,66.80
26,1608,197.75,265.5,66.80
26,1609,198.0,265.25,66.80
26,1610,198.0,265.25,66.80
26,1611,197.75,265.5,66.80
26,1612,198.0,265.25,66.80
26,1613,198.0,265.25,66.80
26,1614,198.0,265.25,66.80
26,1615,198.0,265.25,66.80
26,1616,197.5,265.0,65.10
26,1617,197.5,265.0,65.10
26,1618,197.5,265.0,65.10
26,1619,198.0,265.25,66.80
26,1620,198.0,265.25,66.80
26,1621,198.0,265.25,66.80
26,1622,197.5,265.0,65.10
26,1623,197.75,265.5,66.80
26,1624,198.0,265.25,66.80
26,1625,197.75,265.5,66.80
26,1626,198.0,265.25,66.80
26,1627,197.5,265.5,65.10
26,1628,197.5,265.0,65.10
26,1629,198.0,265.25,66.80
26,1630,198.0,265.25,66.80
26,1631,197.75,265.5,66.80
26,1632,198.0,265.25,66.80
26,1633,198.0,265.25,66.80
26,1634,197.5,265.0,65.10
26,1635,198.0,265.25,66.80
26,1636,197.5,265.0,65.10
26,1637,197.5,265.0,65.10
26,1638,198.0,265.25,66.80
26,1639,198.0,265.25,66.80
26,1640,198.0,265.25,66.80
26,1641,198.0,265.25,66.80
26,1642,198.0,265.25,66.80
26,1643,197.75,265.5,66.80
26,1644,198.0,265.25,66.80
26,1645,198.0,265.25,66.80
26,1646,198.0,265.25,66.80
26,1647,198.0,265.25,66.80
26,1648,198.0,265.25,66.80
26,1649,198.0,265.25,66.80
26,1650,197.5,265.0,65.10
26,1651,198.0,265.25,66.80
26,1652,198.0,265.25,66.80
26,1653,198.0,265.25,66.80
26,1654,198.0,265.25,66.80
26,1655,198.0,265.25,66.80
26,1656,198.0,265.25,66.80
26,1657,198.0,265.25,66.80
26,1658,197.5,265.0,65.10
26,1659,198.0,265.25,66.80
26,1660,197.5,265.0,65.10
26,1661,197.5,265.0,65.10
26,1662,197.5,265.0,65.10
26,1663,197.5,265.0,65.10
26,1664,198.0,265.25,66.80
26,1665,198.0,265.25,66.80
26,1666,197.5,265.0,65.10
26,1667,198.0,265.25,66.80
26,1668,198.0,265.25,66.80
26,1669,197.5,265.0,65.10
26,1670,198.0,265.25,66.80
26,1671,197.5,265.0,65.10
26,1672,198.0,265.25,66.80
26,1673,198.0,265.25,66.80
26,1674,198.0,265.25,66.80
26,1675,198.0,265.25,66.80
26,1676,198.0,265.25,66.80
26,1677,198.0,265.25,66.80
26,1678,198.0,265.25,66.80
26,1679,198.0,265.25,66.80
26,1680,198.0,265.25,66.80
26,1681,198.0,265.25,66.80
26,1682,198.0,265.25,66.80
26,1683,198.0,265.25,66.80
26,1684,197.5,265.0,65.10
26,1685,198.0,265.25,66.80
26,1686,198.0,265.25,66.80
26,1687,198.0,265.25,66.80
26,1688,198.0,265.25,66.80
26,1689,198.0,265.25,66.80
26,1690,198.0,265.25,66.80
26,1691,198.0,265.25,66.80
26,1692,198.0,265.25,66.80
26,1693,198.0,265.25,66.80
26,1694,198.0,265.25,66.80
26,1695,198.0,265.25,66.80
26,1696,198.0,265.25,66.80
26,1697,198.0,265.25,66.80
26,1698,198.0,265.25,66.80
26,1699,198.0,265.25,66.80
26,1700,198.0,265.25,66.80
26,1701,197.5,265.0,65.10
26,1702,198.0,265.25,66.80
26,1703,197.75,265.5,66.80
26,1704,198.0,265.25,66.80
26,1705,198.0,265.25,66.80
26,1706,198.0,265.25,66.80
26,1707,198.0,265.25,66.80
26,1708,198.0,265.25,66.80
26,1709,197.75,265.5,66.80
26,1710,197.5,265.0,65.10
26,1711,198.0,265.25,66.80
26,1712,197.5,265.0,65.10
26,1713,198.0,265.25,66.80
26,1714,198.0,265.25,66.80
26,1715,198.0,265.25,66.80
26,1716,198.0,265.25,66.80
26,1717,198.0,265.25,66.80
26,1718,197.5,265.0,65.10
26,1719,198.0,265.25,66.80
26,1720,198.0,265.25,66.80
26,1721,198.0,265.25,66.80
26,1722,198.0,265.25,66.80
26,1723,198.0,265.25,66.80
26,1724,198.0,265.25,66.80
26,1725,198.0,265.25,66.80
26,1726,198.0,265.25,66.80
26,1727,198.0,265.25,66.80
26,1728,197.75,265.5,66.80
26,1729,197.5,265.0,65.10
26,1730,198.0,265.25,66.80
26,1731,198.0,265.25,66.80
26,1732,198.0,265.25,66.80
26,1733,198.0,265.25,66.80
26,1734,197.75,265.5,66.80
26,1735,198.0,265.25,66.80
26,1736,198.0,265.25,66.80
26,1737,198.0,265.25,66.80
26,1738,198.0,265.25,66.80
26,1739,197.5,265.0,65.10
26,1740,198.0,265.25,66.80
26,1741,198.0,265.25,66.80
26,1742,198.0,265.25,66.80
26,1743,198.0,265.25,66.80
26,1744,198.0,265.25,66.80
26,1745,197.5,265.0,65.10
26,1746,197.5,265.0,65.10
26,1747,198.0,265.25,66.80
26,1748,198.0,265.25,66.80
26,1749,198.0,265.25,66.80
26,1750,198.0,265.25,66.80
26,1751,198.0,265.25,66.80
26,1752,198.0,265.25,66.80
26,1753,197.5,265.0,65.10
26,1754,198.0,265.25,66.80
26,1755,197.5,265.0,65.10
26,1756,198.0,265.25,66.80
26,1757,198.0,265.25,66.80
26,1758,198.0,265.25,66.80
26,1759,198.0,265.25,66.80
26,1760,197.5,265.0,65.10
26,1761,198.0,265.25,66.80
26,1762,198.0,265.25,66.80
26,1763,198.0,265.25,66.80
26,1764,197.5,265.0,65.10
26,1765,198.0,265.25,66.80
26,1766,197.5,265.0,65.10
26,1767,197.5,265.0,65.10
26,1768,198.0,265.25,66.80
26,1769,198.0,265.25,66.80
26,1770,198.0,265.25,66.80
26,1771,198.0,265.25,66.80
26,1772,197.5,265.0,65.10
26,1773,197.75,265.5,66.80
26,1774,198.0,265.25,66.80
26,1775,198.0,265.25,66.80
26,1776,197.5,265.0,65.10
26,1777,198.0,265.25,66.80
26,1778,198.0,265.25,66.80
26,1779,198.0,265.25,66.80
26,1780,198.0,265.25,66.80
26,1781,198.0,265.25,66.80
26,1782,198.0,265.25,66.80
26,1783,198.0,265.25,66.80
26,1784,198.0,265.25,66.80
26,1785,198.0,265.25,66.80
26,1786,198.0,265.25,66.80
26,1787,198.0,265.25,66.80
26,1788,198.0,265.25,66.80
26,1789,198.0,265.25,66.80
26,1790,197.75,265.5,66.80
26,1791,197.75,265.75,66.80
26,1792,197.75,265.5,66.80
26,1793,197.5,265.0,65.10
26,1794,197.5,265.0,65.10
26,1795,198.0,265.25,66.80
26,1796,198.0,265.5,66.80
26,1797,197.5,265.5,65.10
26,1798,197.75,266.0,66.80
26,1799,197.5,267.0,66.80
26,1800,197.25,267.25,65.10
26,1801,197.5,268.0,66.80
26,1802,197.0,268.25,69.23
26,1803,197.25,268.75,68.55
26,1804,197.0,268.75,68.55
26,1805,196.75,269.25,67.52
26,1806,196.75,269.25,67.52
26,1807,196.75,269.25,67.52
26,1808,196.75,269.25,67.52
26,1809,196.75,269.25,67.52
26,1810,196.75,269.25,67.52
26,1811,196.75,269.25,67.52
26,1812,197.0,268.75,68.55
26,1813,197.0,268.5,67.52
26,1814,197.5,268.0,66.80
26,1815,197.5,267.0,66.80
26,1816,197.25,266.75,65.85
26,1817,197.25,266.75,65.85
26,1818,197.25,266.75,65.85
26,1819,197.75,266.5,66.80
26,1820,197.75,266.5,66.80
26,1821,197.5,266.25,66.80
26,1822,197.5,266.25,66.80
26,1823,197.75,265.5,66.80
26,1824,197.75,265.25,66.80
26,1825,198.0,264.5,65.10
26,1826,198.25,264.5,65.10
26,1827,198.25,264.25,64.29
26,1828,198.0,264.25,64.29
26,1829,197.75,264.0,63.43
26,1830,198.25,264.0,64.29
26,1831,198.25,263.5,65.10
26,1832,198.25,263.5,65.10
26,1833,198.25,263.5,65.10
26,1834,198.25,263.5,65.10
26,1835,198.25,263.5,65.10
26,1836,198.25,263.5,65.10
26,1837,198.25,263.5,65.10
26,1838,198.25,263.5,65.10
26,1839,198.25,263.5,65.10
26,1840,198.25,263.5,65.10
26,1841,197.75,263.5,66.80
26,1842,198.5,263.0,64.29
26,1843,198.25,262.75,63.43
26,1844,198.5,262.75,64.29
26,1845,198.25,262.25,64.29
26,1846,198.25,261.5,64.29
26,1847,198.25,260.5,63.43
26,1848,198.75,260.25,64.29
26,1849,198.75,260.0,65.10
26,1850,198.75,259.75,65.10
26,1851,199.0,259.5,62.59
26,1852,198.75,259.25,61.82
26,1853,198.75,259.25,61.82
26,1854,199.25,258.75,61.82
26,1855,199.75,259.0,60.95
26,1856,199.75,259.0,60.95
26,1857,200.25,259.25,59.35
26,1858,200.75,259.25,60.02
26,1859,200.75,259.25,60.02
26,1860,200.75,259.25,60.02
26,1861,200.75,259.25,60.02
26,1862,200.75,259.25,60.02
26,1863,200.75,259.25,60.02
26,1864,200.75,259.25,60.02
26,1865,200.75,259.25,60.02
26,1866,200.75,259.0,60.95
26,1867,201.0,259.0,60.95
26,1868,200.75,258.75,60.95
26,1869,201.0,258.5,60.02
26,1870,201.0,258.0,60.95
26,1871,201.0,258.0,60.95
26,1872,201.0,258.25,60.95
26,1873,201.0,258.0,60.95
26,1874,201.0,258.25,60.95
26,1875,201.0,258.0,60.95
26,1876,201.0,258.0,60.95
26,1877,201.0,258.0,60.95
26,1878,201.0,258.0,60.95
26,1879,201.0,258.0,60.95
26,1880,201.0,258.0,60.95
26,1881,201.0,258.0,60.95
26,1882,201.0,258.0,60.95
26,1883,201.0,258.0,60.95
26,1884,201.0,258.25,60.95
26,1885,201.25,259.5,58.39
26,1886,201.75,260.0,59.35
26,1887,202.0,260.25,60.02
26,1888,202.25,259.75,61.82
26,1889,202.25,260.0,60.95
26,1890,202.25,260.0,60.95
26,1891,202.75,259.5,59.04
26,1892,202.25,259.5,60.95
26,1893,202.5,259.25,58.39
26,1894,202.75,259.75,60.02
26,1895,203.0,259.75,60.02
26,1896,203.0,260.0,56.82
26,1897,203.0,260.0,60.95
26,1898,203.0,260.0,60.95
26,1899,203.0,260.0,60.95
26,1900,203.0,260.0,56.82
26,1901,203.0,260.0,60.95
26,1902,203.0,260.0,60.95
26,1903,203.0,260.0,60.95
26,1904,203.0,260.0,56.82
26,1905,203.0,260.0,60.95
26,1906,203.0,260.0,56.82
26,1907,203.0,260.5,60.02
26,1908,203.25,260.75,62.59
26,1909,204.0,261.0,60.95
26,1910,205.5,261.75,62.59
26,1911,208.75,266.0,64.29
26,1912,211.75,271.25,67.52
26,1913,213.0,273.0,69.23
26,1914,213.25,273.0,69.23
26,1915,213.5,273.25,70.35
26,1916,213.75,273.5,70.97
26,1917,213.5,273.0,70.97
26,1918,213.75,272.5,68.55
26,1919,213.25,272.75,70.97
26,1920,213.25,271.75,70.97
26,1921,214.0,271.25,68.55
26,1922,214.0,270.25,68.55
26,1923,214.0,269.5,68.55
26,1924,214.0,268.5,68.55
26,1925,214.25,267.5,68.55
26,1926,214.25,267.25,69.23
26,1927,214.25,267.25,69.23
26,1928,214.25,267.25,69.23
26,1929,214.0,267.75,69.23
26,1930,214.0,268.25,69.23
26,1931,214.0,268.25,69.23
26,1932,214.0,268.5,68.55
26,1933,214.0,268.5,68.55
26,1934,214.0,268.5,68.55
26,1935,214.0,268.5,68.55
26,1936,214.0,268.5,68.55
26,1937,214.0,268.5,68.55
26,1938,214.0,268.5,68.55
26,1939,214.25,267.0,68.55
26,1940,214.75,265.25,66.80
26,1941,214.5,264.0,66.80
26,1942,215.0,262.25,66.80
26,1943,215.0,261.75,66.04
26,1944,215.0,261.0,66.80
26,1945,215.5,260.0,64.29
26,1946,215.5,258.75,64.29
26,1947,215.5,257.75,65.10
26,1948,216.0,257.0,63.43
26,1949,216.0,256.5,62.59
26,1950,216.25,256.25,62.59
26,1951,216.5,256.0,63.43
26,1952,216.25,255.25,60.95
26,1953,216.5,255.5,60.95
26,1954,216.25,255.25,62.59
26,1955,216.5,255.75,62.59
26,1956,217.0,256.5,62.59
26,1957,217.0,256.0,62.65
26,1958,217.5,256.75,62.59
26,1959,217.5,257.0,63.43
26,1960,217.5,257.0,63.43
26,1961,217.5,257.0,63.43
26,1962,217.5,257.0,63.43
26,1963,217.5,257.0,63.43
26,1964,217.5,257.0,63.43
26,1965,217.5,257.0,63.43
26,1966,218.0,257.5,62.59
26,1967,219.75,260.5,65.10
26,1968,221.5,263.25,64.29
26,1969,222.75,264.75,66.80
26,1970,223.25,266.0,68.55
26,1971,223.25,265.5,69.23
26,1972,223.0,264.5,67.52
26,1973,223.25,264.5,69.23
26,1974,223.25,264.0,66.80
26,1975,223.0,264.0,69.23
26,1976,223.5,263.0,65.10
26,1977,223.75,262.75,62.59
26,1978,223.5,263.0,65.10
26,1979,222.75,263.0,69.23
26,1980,222.5,262.75,70.97
26,1981,222.25,263.5,70.97
26,1982,222.5,263.75,70.97
26,1983,221.75,264.5,72.76
26,1984,222.0,265.5,72.76
26,1985,222.0,266.25,72.76
26,1986,222.0,266.25,72.76
26,1987,222.0,266.25,72.76
26,1988,222.0,266.25,72.76
26,1989,222.0,266.25,72.76
26,1990,222.0,266.25,72.76
26,1991,222.0,266.25,72.76
26,1992,222.25,266.25,72.76
26,1993,222.0,266.25,72.76
26,1994,222.0,266.25,72.76
26,1995,221.75,266.5,72.76
26,1996,221.75,266.75,73.30
26,1997,221.75,266.75,73.30
26,1998,221.75,267.25,72.76
26,1999,221.75,267.25,72.76
26,2000,221.75,267.25,72.76
26,2001,221.75,267.25,72.76
26,2002,221.75,267.25,72.76
26,2003,221.75,267.25,72.76
26,2004,221.75,267.25,72.76
26,2005,221.75,267.0,72.76
26,2006,222.0,267.25,72.76
26,2007,222.25,268.0,72.12
26,2008,222.0,268.25,69.86
26,2009,222.25,269.0,70.46
26,2010,222.5,269.5,70.97
26,2011,222.5,269.5,70.97
26,2012,222.5,269.5,70.97
26,2013,222.25,269.75,70.97
26,2014,222.25,269.75,70.97
26,2015,222.25,269.75,70.97
26,2016,223.5,270.0,70.35
26,2017,223.25,270.5,70.97
26,2018,223.5,270.75,70.97
26,2019,223.75,271.25,68.55
26,2020,224.0,272.0,69.23
26,2021,224.0,272.0,69.23
26,2022,224.25,272.25,70.35
26,2023,224.0,273.0,70.35
26,2024,224.25,272.75,68.55
26,2025,224.0,273.0,68.55
26,2026,224.5,272.5,70.97
26,2027,224.5,272.5,70.97
26,2028,224.5,272.5,70.35
26,2029,224.5,272.5,70.97
26,2030,224.5,272.5,70.97
26,2031,224.25,272.5,68.55
26,2032,224.25,272.5,68.55
26,2033,224.5,272.5,70.97
26,2034,223.75,272.5,70.35
26,2035,224.0,272.0,69.23
26,2036,224.0,272.0,69.23
26,2037,224.0,272.0,69.23
26,2038,224.25,271.75,70.97
26,2039,224.0,271.0,69.23
26,2040,223.75,271.0,69.23
26,2041,224.0,270.75,66.80
26,2042,223.5,270.25,70.35
26,2043,223.25,269.75,69.23
26,2044,223.25,269.25,69.86
26,2045,222.5,268.75,70.97
26,2046,222.25,268.5,70.97
26,2047,222.25,268.5,70.97
26,2048,222.25,268.5,70.97
26,2049,222.25,268.5,70.97
26,2050,222.25,268.5,70.97
26,2051,222.25,268.5,70.97
26,2052,222.25,268.5,70.97
26,2053,222.25,268.5,70.97
26,2054,222.25,268.5,70.97
26,2055,222.25,268.5,70.97
26,2056,222.5,269.0,70.97
26,2057,223.0,269.0,69.23
26,2058,223.25,269.0,69.23
26,2059,223.25,269.0,69.23
26,2060,223.25,269.0,69.23
26,2061,223.25,269.0,69.23
26,2062,223.25,269.0,69.23
26,2063,223.25,269.0,69.23
26,2064,223.25,269.0,69.23
26,2065,223.25,269.0,69.23
26,2066,223.25,269.0,69.23
26,2067,223.25,269.0,69.23
26,2068,223.25,269.0,69.23
26,2069,223.25,269.0,69.23
26,2070,223.25,269.0,69.23
26,2071,223.25,269.0,69.23
26,2072,223.25,269.0,69.23
26,2073,223.25,269.0,69.23
26,2074,223.25,269.0,69.23
26,2075,223.25,269.0,69.23
26,2076,223.25,269.0,69.23
26,2077,223.25,269.0,69.23
26,2078,223.25,269.0,69.23
26,2079,223.25,269.0,69.23
26,2080,223.25,269.0,69.23
26,2081,223.25,269.0,69.23
26,2082,223.25,269.0,69.23
26,2083,223.25,269.0,69.23
26,2084,223.25,269.0,69.23
26,2085,223.0,268.5,69.86
26,2086,223.25,269.0,69.23
26,2087,223.25,269.0,69.23
26,2088,223.25,269.0,69.23
26,2089,223.25,269.0,69.23
26,2090,223.25,269.0,69.23
26,2091,223.25,269.0,69.23
26,2092,223.25,268.75,68.55
26,2093,222.5,268.75,70.97
26,2094,222.5,268.75,70.97
26,2095,222.5,268.75,70.97
26,2096,222.5,268.5,70.97
26,2097,222.5,268.5,70.97
26,2098,222.25,268.75,70.97
26,2099,221.75,268.75,69.23
26,2100,222.0,269.0,70.35
26,2101,222.0,269.0,70.35
26,2102,222.0,269.0,70.35
26,2103,222.0,269.0,70.35
26,2104,222.0,269.0,70.35
26,2105,222.0,269.0,70.35
26,2106,222.0,269.0,70.35
26,2107,222.0,269.0,70.35
26,2108,222.0,269.0,70.35
26,2109,222.25,269.25,70.35
26,2110,222.5,269.25,70.35
26,2111,222.25,269.25,69.86
26,2112,222.25,269.25,69.86
26,2113,222.25,269.25,69.86
26,2114,222.25,269.25,69.86
26,2115,222.25,269.0,69.23
26,2116,222.25,269.25,69.86
26,2117,222.25,269.0,69.23
26,2118,222.25,269.25,69.86
26,2119,222.25,269.25,69.86
26,2120,222.25,269.25,69.86
26,2121,222.25,269.25,69.86
26,2122,222.25,269.25,69.86
26,2123,222.25,269.0,69.23
26,2124,222.25,269.25,69.86
26,2125,222.25,269.25,69.86
26,2126,222.5,269.5,70.97
26,2127,222.25,269.25,69.86
26,2128,222.25,269.25,69.86
26,2129,222.25,269.25,69.86
26,2130,222.25,269.25,69.86
26,2131,222.25,269.25,69.86
26,2132,222.25,269.25,69.86
26,2133,222.5,269.5,70.97
26,2134,222.0,268.75,68.20
26,2135,222.5,269.25,70.35
26,2136,222.25,269.0,69.23
26,2137,222.5,269.5,70.97
26,2138,222.5,269.25,70.35
26,2139,222.5,269.5,70.97
26,2140,222.5,269.5,70.97
26,2141,222.5,269.5,70.97
26,2142,222.5,269.5,70.97
26,2143,222.5,269.5,70.97
26,2144,222.25,269.0,69.23
26,2145,222.5,269.5,70.97
26,2146,222.5,269.25,70.35
26,2147,222.5,269.25,70.35
26,2148,222.5,269.5,70.97
26,2149,222.5,269.5,70.97
26,2150,222.5,269.25,70.35
26,2151,222.5,269.5,70.97
26,2152,222.5,269.25,70.35
26,2153,222.5,269.5,70.97
26,2154,222.5,269.25,70.35
